FullName,Email,GroupName,AllowedPlusOne,HasRsvped,IsAttending,PlusOneAttending,PlusOneName,MealPreference,PlusOneMeal,DietaryRestrictions,Message,SubmittedAt
Farrah Cometa-Ere,,J guest,False,False,,,,,,,,
Joseph Vincent Leonero,,J guest,False,False,,,,,,,,
Kay Gocela,,J guest,False,False,,,,,,,,
Kyle Venz Tocle,,J guest,False,False,,,,,,,,
Lorenz Abellana,,J guest,False,False,,,,,,,,
Louzille Urbiztondo-Mahinay,,J guest,False,False,,,,,,,,
Lyca Edano,,J guest,False,False,,,,,,,,
Shara Nice Elpa,,J Guest,False,False,,,,,,,,
Viena Balbero,,J guest,False,False,,,,,,,,
